<?xml version="1.0" encoding="UTF-8" standalone="no"?>
<application xmlns="http://ns.adobe.com/air/application/23.0">
    <id>WR2D</id>
    <versionNumber>1.9</versionNumber>
    <versionLabel></versionLabel>
    <filename>Wrestling Revolution</filename>
    <description>Desktop version of the acclaimed wrestling app.</description>
    <!-- To localize the description, use the following format for the description element.<description><text xml:lang="en">English App description goes here</text><text xml:lang="fr">French App description goes here</text><text xml:lang="ja">Japanese App description goes here</text></description>-->
    <name>Wrestling Revolution</name>
    <!-- To localize the name, use the following format for the name element.<name><text xml:lang="en">English App name goes here</text><text xml:lang="fr">French App name goes here</text><text xml:lang="ja">Japanese App name goes here</text></name>-->
    <copyright>MDickie 2012</copyright>
    <initialWindow>
        <content>Wrestling%20Revolution.swf</content>
        <systemChrome>standard</systemChrome>
        <transparent>false</transparent>
        <visible>true</visible>
        <fullScreen>true</fullScreen>
        <aspectRatio>landscape</aspectRatio>
        <renderMode>auto</renderMode>
        <autoOrients>false</autoOrients>
        <maximizable>true</maximizable>
        <minimizable>true</minimizable>
        <resizable>true</resizable>
    </initialWindow>
    <icon>
        <image16x16>Icons/16x16.png</image16x16>
        <image32x32>Icons/32x32.png</image32x32>
        <image48x48>Icons/48x48.png</image48x48>
        <image128x128>Icons/128x128.png</image128x128>
    </icon>
    <customUpdateUI>false</customUpdateUI>
    <allowBrowserInvocation>false</allowBrowserInvocation>
    <android>
        <manifestAdditions><![CDATA[<manifest>
<uses-permission android:name="android.permission.INTERNET"/>
<uses-permission android:name="android.permission.READ_PHONE_STATE"/>
<uses-permission android:name="android.permission.WAKE_LOCK"/>
</manifest>]]></manifestAdditions>
    </android>
    <iPhone>
        <InfoAdditions><![CDATA[
<key>UIDeviceFamily</key>
<array>
 <string>2</string>
</array>
]]></InfoAdditions>
        <requestedDisplayResolution>standard</requestedDisplayResolution>
    </iPhone>
    <installFolder>MDickie</installFolder>
    <supportedLanguages>en</supportedLanguages>
    <supportedProfiles>desktop extendedDesktop</supportedProfiles>
</application>